"targtype1_txt","country_name","Freq"
"Business","Afghanistan",464
"Business","Albania",6
"Business","Algeria",180
"Business","Andorra",1
"Business","Angola",48
"Business","Argentina",237
"Business","Armenia",3
"Business","Australia",20
"Business","Austria",20
"Business","Azerbaijan",2
"Business","Bahrain",33
"Business","Bangladesh",89
"Business","Belgium",37
"Business","Belize",1
"Business","Benin",1
"Business","Bhutan",1
"Business","Bolivia",39
"Business","Botswana",2
"Business","Brazil",61
"Business","Brunei Darussalam",1
"Business","Bulgaria",9
"Business","Burkina Faso",6
"Business","Burma",52
"Business","Burundi",46
"Business","Cambodia",17
"Business","Cameroon",12
"Business","Canada",11
"Business","Central African Republic",6
"Business","Chad",5
"Business","Chile",503
"Business","China",31
"Business","Colombia",1340
"Business","Costa Rica",9
"Business","Croatia",5
"Business","Cuba",13
"Business","Cyprus",24
"Business","Czech Republic",7
"Business","Democratic Republic of the Congo",25
"Business","Denmark",9
"Business","Djibouti",4
"Business","Dominican Republic",12
"Business","Ecuador",30
"Business","Egypt",141
"Business","El Salvador",584
"Business","Eritrea",1
"Business","Estonia",1
"Business","Ethiopia",40
"Business","Fiji",5
"Business","France",789
"Business","Gabon",1
"Business","Georgia",8
"Business","Germany",271
"Business","Greece",399
"Business","Guadeloupe",16
"Business","Guatemala",240
"Business","Guyana",2
"Business","Haiti",22
"Business","Honduras",57
"Business","Hong Kong",7
"Business","Hungary",24
"Business","India",1131
"Business","Indonesia",95
"Business","Iran (Islamic Republic of)",75
"Business","Iraq",2112
"Business","Ireland",66
"Business","Israel",179
"Business","Italy",444
"Business","Jamaica",2
"Business","Japan",41
"Business","Jordan",20
"Business","Kazakhstan",4
"Business","Kenya",77
"Business","Korea, Democratic People's Republic of",3
"Business","Kuwait",18
"Business","Kyrgyzstan",4
"Business","Lao People's Democratic Republic",5
"Business","Latvia",3
"Business","Lebanon",225
"Business","Lesotho",7
"Business","Liberia",6
"Business","Libyan Arab Jamahiriya",192
"Business","Lithuania",2
"Business","Luxembourg",5
"Business","Macau",14
"Business","Madagascar",4
"Business","Malaysia",12
"Business","Mali",13
"Business","Malta",5
"Business","Martinique",1
"Business","Mauritania",2
"Business","Mexico",113
"Business","Morocco",10
"Business","Mozambique",40
"Business","Namibia",26
"Business","Nepal",90
"Business","Netherlands",33
"Business","New Caledonia",7
"Business","New Zealand",2
"Business","Nicaragua",203
"Business","Niger",5
"Business","Nigeria",282
"Business","Norway",1
"Business","Pakistan",1165
"Business","Palestine",84
"Business","Panama",29
"Business","Papua New Guinea",12
"Business","Paraguay",30
"Business","Peru",1164
"Business","Philippines",976
"Business","Poland",11
"Business","Portugal",25
"Business","Republic of Moldova",1
"Business","Romania",1
"Business","Russia",199
"Business","Rwanda",14
"Business","Saudi Arabia",23
"Business","Senegal",6
"Business","Serbia",21
"Business","Sierra Leone",10
"Business","Singapore",1
"Business","Slovenia",1
"Business","Somalia",186
"Business","South Africa",216
"Business","Spain",1018
"Business","Sri Lanka",183
"Business","Sudan",53
"Business","Suriname",12
"Business","Sweden",10
"Business","Switzerland",23
"Business","Syrian Arab Republic",94
"Business","Taiwan",6
"Business","Tajikistan",13
"Business","Thailand",566
"Business","The former Yugoslav Republic of Macedonia",15
"Business","Togo",6
"Business","Trinidad and Tobago",2
"Business","Tunisia",6
"Business","Turkey",636
"Business","Uganda",51
"Business","Ukraine",94
"Business","United Arab Emirates",5
"Business","United Kingdom",891
"Business","United Republic of Tanzania",4
"Business","United States",781
"Business","Uruguay",23
"Business","Uzbekistan",1
"Business","Venezuela",53
"Business","Viet Nam",2
"Business","Yemen",125
"Business","Zambia",5
"Business","Zimbabwe",28
"Civilians","Afghanistan",2630
"Civilians","Albania",11
"Civilians","Algeria",921
"Civilians","Angola",138
"Civilians","Argentina",114
"Civilians","Armenia",6
"Civilians","Australia",14
"Civilians","Austria",31
"Civilians","Azerbaijan",10
"Civilians","Bahamas",1
"Civilians","Bahrain",42
"Civilians","Bangladesh",418
"Civilians","Barbados",1
"Civilians","Belarus",3
"Civilians","Belgium",13
"Civilians","Belize",1
"Civilians","Bhutan",3
"Civilians","Bolivia",51
"Civilians","Botswana",6
"Civilians","Brazil",47
"Civilians","Bulgaria",6
"Civilians","Burkina Faso",10
"Civilians","Burma",134
"Civilians","Burundi",228
"Civilians","Cambodia",69
"Civilians","Cameroon",171
"Civilians","Canada",16
"Civilians","Central African Republic",139
"Civilians","Chad",41
"Civilians","Chile",225
"Civilians","China",49
"Civilians","Colombia",1599
"Civilians","Costa Rica",3
"Civilians","Croatia",13
"Civilians","Cuba",1
"Civilians","Cyprus",23
"Civilians","Czech Republic",7
"Civilians","Democratic Republic of the Congo",444
"Civilians","Denmark",4
"Civilians","Djibouti",3
"Civilians","Dominica",1
"Civilians","Dominican Republic",30
"Civilians","Ecuador",22
"Civilians","Egypt",284
"Civilians","El Salvador",623
"Civilians","Equatorial Guinea",1
"Civilians","Eritrea",3
"Civilians","Estonia",2
"Civilians","Ethiopia",41
"Civilians","Fiji",1
"Civilians","Finland",12
"Civilians","France",503
"Civilians","French Guiana",1
"Civilians","Gabon",1
"Civilians","Georgia",34
"Civilians","Germany",241
"Civilians","Ghana",10
"Civilians","Greece",189
"Civilians","Guadeloupe",7
"Civilians","Guatemala",470
"Civilians","Guinea",13
"Civilians","Guinea-Bissau",2
"Civilians","Guyana",2
"Civilians","Haiti",52
"Civilians","Honduras",61
"Civilians","Hong Kong",3
"Civilians","Hungary",3
"Civilians","Iceland",1
"Civilians","India",3174
"Civilians","Indonesia",180
"Civilians","Iran (Islamic Republic of)",96
"Civilians","Iraq",8756
"Civilians","Ireland",114
"Civilians","Israel",1099
"Civilians","Italy",152
"Civilians","Jamaica",8
"Civilians","Japan",31
"Civilians","Jordan",19
"Civilians","Kazakhstan",4
"Civilians","Kenya",159
"Civilians","Korea, Democratic People's Republic of",3
"Civilians","Kuwait",10
"Civilians","Kyrgyzstan",6
"Civilians","Lao People's Democratic Republic",11
"Civilians","Latvia",3
"Civilians","Lebanon",423
"Civilians","Lesotho",4
"Civilians","Liberia",8
"Civilians","Libyan Arab Jamahiriya",556
"Civilians","Lithuania",1
"Civilians","Luxembourg",2
"Civilians","Macau",10
"Civilians","Madagascar",4
"Civilians","Malawi",2
"Civilians","Malaysia",27
"Civilians","Maldives",8
"Civilians","Mali",110
"Civilians","Malta",6
"Civilians","Martinique",2
"Civilians","Mauritania",2
"Civilians","Mexico",111
"Civilians","Montenegro",1
"Civilians","Morocco",6
"Civilians","Mozambique",111
"Civilians","Namibia",53
"Civilians","Nepal",242
"Civilians","Netherlands",12
"Civilians","New Caledonia",6
"Civilians","New Zealand",7
"Civilians","Nicaragua",238
"Civilians","Niger",62
"Civilians","Nigeria",1721
"Civilians","Norway",4
"Civilians","Pakistan",3466
"Civilians","Palestine",847
"Civilians","Panama",14
"Civilians","Papua New Guinea",8
"Civilians","Paraguay",19
"Civilians","Peru",1048
"Civilians","Philippines",1154
"Civilians","Poland",7
"Civilians","Portugal",26
"Civilians","Qatar",2
"Civilians","Republic of Moldova",3
"Civilians","Romania",2
"Civilians","Russia",275
"Civilians","Rwanda",63
"Civilians","Saint Kitts and Nevis",1
"Civilians","Saudi Arabia",98
"Civilians","Senegal",30
"Civilians","Serbia",83
"Civilians","Sierra Leone",38
"Civilians","Singapore",3
"Civilians","Slovenia",1
"Civilians","Solomon Islands",1
"Civilians","Somalia",751
"Civilians","South Africa",507
"Civilians","Spain",329
"Civilians","Sri Lanka",600
"Civilians","Sudan",624
"Civilians","Suriname",7
"Civilians","Swaziland",2
"Civilians","Sweden",72
"Civilians","Switzerland",12
"Civilians","Syrian Arab Republic",881
"Civilians","Taiwan",4
"Civilians","Tajikistan",14
"Civilians","Thailand",955
"Civilians","The former Yugoslav Republic of Macedonia",61
"Civilians","Togo",5
"Civilians","Trinidad and Tobago",4
"Civilians","Tunisia",14
"Civilians","Turkey",684
"Civilians","Uganda",154
"Civilians","Ukraine",325
"Civilians","United Arab Emirates",1
"Civilians","United Kingdom",1659
"Civilians","United Republic of Tanzania",9
"Civilians","United States",353
"Civilians","Uruguay",12
"Civilians","Uzbekistan",6
"Civilians","Venezuela",44
"Civilians","Yemen",664
"Civilians","Zambia",23
"Civilians","Zimbabwe",46
"Government","Afghanistan",1777
"Government","Albania",33
"Government","Algeria",191
"Government","Angola",28
"Government","Antigua and Barbuda",1
"Government","Argentina",211
"Government","Armenia",9
"Government","Australia",33
"Government","Austria",35
"Government","Azerbaijan",15
"Government","Bahamas",2
"Government","Bahrain",11
"Government","Bangladesh",319
"Government","Belarus",5
"Government","Belgium",49
"Government","Belize",5
"Government","Benin",7
"Government","Bhutan",1
"Government","Bolivia",98
"Government","Brazil",64
"Government","Brunei Darussalam",5
"Government","Bulgaria",20
"Government","Burkina Faso",7
"Government","Burma",53
"Government","Burundi",63
"Government","Cambodia",57
"Government","Cameroon",15
"Government","Canada",21
"Government","Central African Republic",73
"Government","Chad",11
"Government","Chile",289
"Government","China",22
"Government","Colombia",1248
"Government","Comoros",4
"Government","Costa Rica",28
"Government","Croatia",10
"Government","Cuba",3
"Government","Cyprus",34
"Government","Czech Republic",8
"Government","Democratic Republic of the Congo",103
"Government","Denmark",8
"Government","Djibouti",2
"Government","Dominican Republic",23
"Government","Ecuador",94
"Government","Egypt",123
"Government","El Salvador",514
"Government","Equatorial Guinea",1
"Government","Eritrea",1
"Government","Estonia",2
"Government","Ethiopia",28
"Government","Fiji",2
"Government","Finland",3
"Government","France",672
"Government","French Guiana",4
"Government","French Polynesia",2
"Government","Gabon",2
"Government","Gambia",2
"Government","Georgia",61
"Government","Germany",91
"Government","Ghana",3
"Government","Greece",411
"Government","Grenada",2
"Government","Guadeloupe",16
"Government","Guatemala",287
"Government","Guinea",5
"Government","Guinea-Bissau",5
"Government","Guyana",10
"Government","Haiti",71
"Government","Honduras",93
"Government","Hong Kong",4
"Government","Hungary",9
"Government","Iceland",2
"Government","India",1746
"Government","Indonesia",103
"Government","Iran (Islamic Republic of)",164
"Government","Iraq",2343
"Government","Ireland",17
"Government","Israel",99
"Government","Italy",387
"Government","Jamaica",14
"Government","Japan",95
"Government","Jordan",43
"Government","Kazakhstan",7
"Government","Kenya",74
"Government","Korea, Democratic People's Republic of",21
"Government","Kuwait",13
"Government","Kyrgyzstan",8
"Government","Lao People's Democratic Republic",2
"Government","Latvia",3
"Government","Lebanon",397
"Government","Lesotho",7
"Government","Liberia",8
"Government","Libyan Arab Jamahiriya",316
"Government","Lithuania",3
"Government","Luxembourg",2
"Government","Macau",5
"Government","Madagascar",11
"Government","Malawi",1
"Government","Malaysia",14
"Government","Maldives",8
"Government","Mali",171
"Government","Malta",5
"Government","Martinique",4
"Government","Mauritania",3
"Government","Mauritius",2
"Government","Mexico",101
"Government","Morocco",7
"Government","Mozambique",30
"Government","Namibia",26
"Government","Nepal",285
"Government","Netherlands",46
"Government","New Caledonia",5
"Government","New Zealand",10
"Government","Nicaragua",223
"Government","Niger",12
"Government","Nigeria",400
"Government","Norway",7
"Government","Pakistan",1271
"Government","Palestine",134
"Government","Panama",36
"Government","Papua New Guinea",26
"Government","Paraguay",14
"Government","Peru",1121
"Government","Philippines",1358
"Government","Poland",8
"Government","Portugal",41
"Government","Qatar",3
"Government","Republic of Moldova",5
"Government","Romania",2
"Government","Russia",406
"Government","Rwanda",39
"Government","Saint Kitts and Nevis",1
"Government","Saudi Arabia",19
"Government","Senegal",18
"Government","Serbia",51
"Government","Sierra Leone",20
"Government","Slovenia",4
"Government","Solomon Islands",1
"Government","Somalia",818
"Government","South Africa",347
"Government","Spain",474
"Government","Sri Lanka",356
"Government","Sudan",208
"Government","Suriname",3
"Government","Swaziland",7
"Government","Sweden",26
"Government","Switzerland",44
"Government","Syrian Arab Republic",133
"Government","Taiwan",15
"Government","Tajikistan",50
"Government","Thailand",491
"Government","The former Yugoslav Republic of Macedonia",62
"Government","Togo",23
"Government","Trinidad and Tobago",8
"Government","Tunisia",8
"Government","Turkey",549
"Government","Turkmenistan",1
"Government","Uganda",52
"Government","Ukraine",128
"Government","United Arab Emirates",3
"Government","United Kingdom",363
"Government","United Republic of Tanzania",12
"Government","United States",475
"Government","Uruguay",23
"Government","Uzbekistan",8
"Government","Vanuatu",2
"Government","Venezuela",60
"Government","Viet Nam",1
"Government","Wallis and Futuna Islands",1
"Government","Western Sahara",1
"Government","Yemen",493
"Government","Zambia",15
"Government","Zimbabwe",34
"Military","Afghanistan",2270
"Military","Albania",1
"Military","Algeria",409
"Military","Angola",31
"Military","Argentina",96
"Military","Armenia",2
"Military","Australia",2
"Military","Azerbaijan",5
"Military","Bahrain",5
"Military","Bangladesh",20
"Military","Belgium",7
"Military","Bolivia",13
"Military","Brazil",9
"Military","Burkina Faso",10
"Military","Burma",70
"Military","Burundi",72
"Military","Cambodia",17
"Military","Cameroon",56
"Military","Canada",4
"Military","Central African Republic",18
"Military","Chad",20
"Military","Chile",65
"Military","China",2
"Military","Colombia",1003
"Military","Costa Rica",3
"Military","Croatia",4
"Military","Cyprus",8
"Military","Democratic Republic of the Congo",147
"Military","Djibouti",8
"Military","Dominican Republic",1
"Military","Ecuador",7
"Military","Egypt",565
"Military","El Salvador",1570
"Military","Eritrea",5
"Military","Estonia",2
"Military","Ethiopia",18
"Military","Fiji",1
"Military","France",60
"Military","Georgia",26
"Military","Germany",6
"Military","Greece",57
"Military","Grenada",1
"Military","Guatemala",439
"Military","Guinea",2
"Military","Guinea-Bissau",2
"Military","Haiti",15
"Military","Honduras",46
"Military","India",916
"Military","Indonesia",68
"Military","Iran (Islamic Republic of)",94
"Military","Iraq",3333
"Military","Ireland",4
"Military","Israel",297
"Military","Italy",66
"Military","Jamaica",1
"Military","Japan",31
"Military","Jordan",11
"Military","Kazakhstan",1
"Military","Kenya",67
"Military","Korea, Democratic People's Republic of",6
"Military","Kuwait",7
"Military","Kyrgyzstan",2
"Military","Latvia",1
"Military","Lebanon",685
"Military","Lesotho",3
"Military","Liberia",2
"Military","Libyan Arab Jamahiriya",531
"Military","Lithuania",1
"Military","Madagascar",2
"Military","Malaysia",3
"Military","Mali",197
"Military","Mauritania",4
"Military","Mexico",19
"Military","Morocco",5
"Military","Mozambique",37
"Military","Namibia",9
"Military","Nepal",24
"Military","Netherlands",5
"Military","New Caledonia",1
"Military","Nicaragua",979
"Military","Niger",41
"Military","Nigeria",333
"Military","Pakistan",1730
"Military","Palestine",621
"Military","Panama",10
"Military","Papua New Guinea",11
"Military","Paraguay",7
"Military","Peru",507
"Military","Philippines",1571
"Military","Portugal",12
"Military","Qatar",1
"Military","Russia",208
"Military","Rwanda",3
"Military","Saudi Arabia",76
"Military","Senegal",32
"Military","Serbia",14
"Military","Sierra Leone",14
"Military","Singapore",1
"Military","Somalia",1620
"Military","South Africa",81
"Military","Spain",192
"Military","Sri Lanka",736
"Military","Sudan",129
"Military","Suriname",16
"Military","Swaziland",1
"Military","Switzerland",2
"Military","Syrian Arab Republic",591
"Military","Taiwan",1
"Military","Tajikistan",53
"Military","Thailand",558
"Military","The former Yugoslav Republic of Macedonia",21
"Military","Togo",3
"Military","Tunisia",50
"Military","Turkey",965
"Military","Turkmenistan",1
"Military","Uganda",24
"Military","Ukraine",857
"Military","United Arab Emirates",2
"Military","United Kingdom",855
"Military","United Republic of Tanzania",1
"Military","United States",188
"Military","Uruguay",6
"Military","Venezuela",41
"Military","Yemen",1021
"Military","Zimbabwe",7
"Others","Afghanistan",146
"Others","Algeria",36
"Others","Angola",8
"Others","Argentina",4
"Others","Australia",1
"Others","Austria",1
"Others","Bangladesh",213
"Others","Belgium",1
"Others","Bolivia",5
"Others","Brazil",2
"Others","Burma",10
"Others","Burundi",15
"Others","Cambodia",11
"Others","Cameroon",5
"Others","Canada",5
"Others","Central African Republic",6
"Others","Chad",1
"Others","Chile",18
"Others","Colombia",41
"Others","Costa Rica",1
"Others","Cyprus",6
"Others","Democratic Republic of the Congo",2
"Others","Egypt",20
"Others","El Salvador",24
"Others","Ethiopia",6
"Others","France",46
"Others","Georgia",8
"Others","Greece",10
"Others","Grenada",1
"Others","Guatemala",16
"Others","Guyana",1
"Others","Honduras",3
"Others","Hungary",1
"Others","India",379
"Others","Indonesia",4
"Others","Iraq",1097
"Others","Ireland",11
"Others","Israel",4
"Others","Italy",40
"Others","Japan",5
"Others","Jordan",3
"Others","Kenya",5
"Others","Kuwait",2
"Others","Lebanon",354
"Others","Liberia",1
"Others","Libyan Arab Jamahiriya",117
"Others","Mali",13
"Others","Malta",1
"Others","Mexico",11
"Others","Mozambique",18
"Others","Namibia",2
"Others","Nepal",162
"Others","New Caledonia",2
"Others","Nicaragua",22
"Others","Nigeria",72
"Others","Norway",1
"Others","Pakistan",767
"Others","Palestine",66
"Others","Panama",1
"Others","Paraguay",2
"Others","Peru",34
"Others","Philippines",62
"Others","Poland",1
"Others","Portugal",3
"Others","Russia",6
"Others","Senegal",2
"Others","Somalia",68
"Others","South Africa",96
"Others","Spain",18
"Others","Sri Lanka",153
"Others","Sudan",11
"Others","Switzerland",1
"Others","Syrian Arab Republic",112
"Others","Taiwan",2
"Others","Tajikistan",1
"Others","Thailand",12
"Others","The former Yugoslav Republic of Macedonia",1
"Others","Trinidad and Tobago",1
"Others","Tunisia",2
"Others","Turkey",97
"Others","Uganda",1
"Others","Ukraine",17
"Others","United Kingdom",196
"Others","United Republic of Tanzania",1
"Others","United States",269
"Others","Venezuela",1
"Others","Yemen",271
"Others","Zambia",8
"Others","Zimbabwe",11
"Police","Afghanistan",3558
"Police","Albania",10
"Police","Algeria",566
"Police","Angola",13
"Police","Argentina",41
"Police","Armenia",2
"Police","Australia",11
"Police","Austria",2
"Police","Azerbaijan",4
"Police","Bahrain",77
"Police","Bangladesh",128
"Police","Belarus",2
"Police","Belgium",8
"Police","Bolivia",6
"Police","Botswana",2
"Police","Brazil",9
"Police","Bulgaria",3
"Police","Burkina Faso",11
"Police","Burma",68
"Police","Burundi",56
"Police","Cambodia",4
"Police","Cameroon",22
"Police","Canada",3
"Police","Central African Republic",8
"Police","Chad",6
"Police","Chile",226
"Police","China",40
"Police","Colombia",1143
"Police","Comoros",1
"Police","Costa Rica",4
"Police","Croatia",14
"Police","Cuba",1
"Police","Cyprus",9
"Police","Czech Republic",4
"Police","Democratic Republic of the Congo",56
"Police","Denmark",1
"Police","Djibouti",2
"Police","Dominica",2
"Police","Dominican Republic",12
"Police","Ecuador",13
"Police","Egypt",842
"Police","El Salvador",241
"Police","Ethiopia",10
"Police","Finland",1
"Police","France",204
"Police","French Guiana",2
"Police","Georgia",35
"Police","Germany",31
"Police","Greece",92
"Police","Guadeloupe",9
"Police","Guatemala",190
"Police","Guyana",3
"Police","Haiti",26
"Police","Honduras",15
"Police","Hong Kong",1
"Police","Hungary",1
"Police","India",2299
"Police","Indonesia",110
"Police","Iran (Islamic Republic of)",75
"Police","Iraq",3682
"Police","Ireland",17
"Police","Israel",70
"Police","Italy",201
"Police","Jamaica",6
"Police","Japan",45
"Police","Jordan",7
"Police","Kazakhstan",5
"Police","Kenya",164
"Police","Korea, Democratic People's Republic of",5
"Police","Kuwait",6
"Police","Kyrgyzstan",6
"Police","Lao People's Democratic Republic",1
"Police","Latvia",1
"Police","Lebanon",48
"Police","Lesotho",2
"Police","Libyan Arab Jamahiriya",178
"Police","Luxembourg",1
"Police","Macau",4
"Police","Malaysia",8
"Police","Mali",8
"Police","Malta",1
"Police","Martinique",1
"Police","Mauritania",2
"Police","Mexico",62
"Police","Morocco",2
"Police","Mozambique",17
"Police","Namibia",10
"Police","Nepal",103
"Police","Netherlands",2
"Police","New Caledonia",6
"Police","New Zealand",1
"Police","Nicaragua",67
"Police","Niger",19
"Police","Nigeria",346
"Police","Norway",1
"Police","Pakistan",1915
"Police","Palestine",195
"Police","Panama",9
"Police","Papua New Guinea",13
"Police","Paraguay",18
"Police","Peru",759
"Police","Philippines",633
"Police","Poland",3
"Police","Portugal",13
"Police","Republic of Moldova",7
"Police","Russia",608
"Police","Rwanda",7
"Police","Saudi Arabia",103
"Police","Senegal",8
"Police","Serbia",16
"Police","Sierra Leone",1
"Police","Solomon Islands",1
"Police","Somalia",228
"Police","South Africa",410
"Police","Spain",718
"Police","Sri Lanka",468
"Police","Sudan",38
"Police","Suriname",7
"Police","Swaziland",2
"Police","Sweden",3
"Police","Switzerland",1
"Police","Syrian Arab Republic",68
"Police","Taiwan",3
"Police","Tajikistan",20
"Police","Thailand",523
"Police","The former Yugoslav Republic of Macedonia",52
"Police","Togo",5
"Police","Trinidad and Tobago",1
"Police","Tunisia",18
"Police","Turkey",705
"Police","Uganda",26
"Police","Ukraine",56
"Police","United Arab Emirates",1
"Police","United Kingdom",794
"Police","United Republic of Tanzania",4
"Police","United States",170
"Police","Uruguay",3
"Police","Uzbekistan",5
"Police","Venezuela",26
"Police","Viet Nam",1
"Police","Western Sahara",1
"Police","Yemen",249
"Police","Zimbabwe",6
"Public Services","Afghanistan",1130
"Public Services","Albania",15
"Public Services","Algeria",357
"Public Services","Angola",232
"Public Services","Argentina",112
"Public Services","Armenia",2
"Public Services","Australia",32
"Public Services","Austria",25
"Public Services","Azerbaijan",13
"Public Services","Bahamas",2
"Public Services","Bahrain",21
"Public Services","Bangladesh",370
"Public Services","Barbados",2
"Public Services","Belarus",2
"Public Services","Belgium",39
"Public Services","Belize",1
"Public Services","Bhutan",1
"Public Services","Bolivia",102
"Public Services","Brazil",71
"Public Services","Bulgaria",13
"Public Services","Burkina Faso",8
"Public Services","Burma",140
"Public Services","Burundi",116
"Public Services","Cambodia",84
"Public Services","Cameroon",32
"Public Services","Canada",35
"Public Services","Central African Republic",33
"Public Services","Chad",7
"Public Services","Chile",1034
"Public Services","China",103
"Public Services","Colombia",1814
"Public Services","Costa Rica",18
"Public Services","Croatia",11
"Public Services","Cuba",12
"Public Services","Cyprus",27
"Public Services","Czech Republic",5
"Public Services","Democratic Republic of the Congo",88
"Public Services","Denmark",19
"Public Services","Djibouti",3
"Public Services","Dominican Republic",11
"Public Services","Ecuador",54
"Public Services","Egypt",293
"Public Services","El Salvador",1723
"Public Services","Estonia",5
"Public Services","Ethiopia",45
"Public Services","Fiji",8
"Public Services","Finland",4
"Public Services","France",318
"Public Services","French Polynesia",1
"Public Services","Gabon",4
"Public Services","Gambia",1
"Public Services","Georgia",43
"Public Services","Germany",93
"Public Services","Ghana",6
"Public Services","Greece",116
"Public Services","Guadeloupe",7
"Public Services","Guatemala",381
"Public Services","Guinea",5
"Public Services","Guyana",8
"Public Services","Haiti",26
"Public Services","Honduras",48
"Public Services","Hong Kong",11
"Public Services","Hungary",8
"Public Services","Iceland",1
"Public Services","India",1717
"Public Services","Indonesia",189
"Public Services","Iran (Islamic Republic of)",175
"Public Services","Iraq",2027
"Public Services","Ireland",15
"Public Services","Israel",309
"Public Services","Italy",264
"Public Services","Jamaica",5
"Public Services","Japan",154
"Public Services","Jordan",9
"Public Services","Kazakhstan",6
"Public Services","Kenya",124
"Public Services","Korea, Democratic People's Republic of",1
"Public Services","Kuwait",19
"Public Services","Kyrgyzstan",7
"Public Services","Lao People's Democratic Republic",7
"Public Services","Latvia",6
"Public Services","Lebanon",285
"Public Services","Lesotho",6
"Public Services","Liberia",9
"Public Services","Libyan Arab Jamahiriya",291
"Public Services","Lithuania",1
"Public Services","Luxembourg",6
"Public Services","Madagascar",6
"Public Services","Malawi",2
"Public Services","Malaysia",33
"Public Services","Maldives",6
"Public Services","Mali",47
"Public Services","Malta",5
"Public Services","Martinique",4
"Public Services","Mauritania",3
"Public Services","Mexico",104
"Public Services","Montenegro",4
"Public Services","Morocco",6
"Public Services","Mozambique",110
"Public Services","Namibia",25
"Public Services","Nepal",216
"Public Services","Netherlands",30
"Public Services","New Caledonia",4
"Public Services","Nicaragua",229
"Public Services","Niger",13
"Public Services","Nigeria",649
"Public Services","Norway",4
"Public Services","Pakistan",3225
"Public Services","Palestine",208
"Public Services","Panama",26
"Public Services","Papua New Guinea",19
"Public Services","Paraguay",24
"Public Services","Peru",1437
"Public Services","Philippines",967
"Public Services","Poland",8
"Public Services","Portugal",15
"Public Services","Qatar",1
"Public Services","Republic of Moldova",5
"Public Services","Russia",415
"Public Services","Rwanda",32
"Public Services","Saint Lucia",1
"Public Services","Saudi Arabia",43
"Public Services","Senegal",21
"Public Services","Serbia",22
"Public Services","Seychelles",2
"Public Services","Sierra Leone",16
"Public Services","Singapore",2
"Public Services","Solomon Islands",1
"Public Services","Somalia",398
"Public Services","South Africa",352
"Public Services","Spain",475
"Public Services","Sri Lanka",491
"Public Services","Sudan",127
"Public Services","Suriname",21
"Public Services","Swaziland",4
"Public Services","Sweden",20
"Public Services","Switzerland",26
"Public Services","Syrian Arab Republic",292
"Public Services","Taiwan",19
"Public Services","Tajikistan",31
"Public Services","Thailand",673
"Public Services","The former Yugoslav Republic of Macedonia",57
"Public Services","Togo",6
"Public Services","Trinidad and Tobago",6
"Public Services","Tunisia",10
"Public Services","Turkey",555
"Public Services","Uganda",84
"Public Services","Ukraine",208
"Public Services","United Arab Emirates",10
"Public Services","United Kingdom",319
"Public Services","United Republic of Tanzania",25
"Public Services","United States",589
"Public Services","Uruguay",15
"Public Services","Uzbekistan",1
"Public Services","Venezuela",62
"Public Services","Viet Nam",9
"Public Services","Western Sahara",3
"Public Services","Yemen",439
"Public Services","Zambia",11
"Public Services","Zimbabwe",51
"Unknown","Afghanistan",756
"Unknown","Albania",4
"Unknown","Algeria",83
"Unknown","Angola",1
"Unknown","Australia",1
"Unknown","Austria",1
"Unknown","Bahrain",18
"Unknown","Bangladesh",91
"Unknown","Belarus",1
"Unknown","Brazil",10
"Unknown","Bulgaria",1
"Unknown","Burma",19
"Unknown","Burundi",17
"Unknown","Cameroon",19
"Unknown","Canada",1
"Unknown","Chile",5
"Unknown","China",5
"Unknown","Colombia",118
"Unknown","Costa Rica",1
"Unknown","Cyprus",1
"Unknown","Czech Republic",1
"Unknown","Dominican Republic",1
"Unknown","Egypt",211
"Unknown","El Salvador",41
"Unknown","Estonia",4
"Unknown","Ethiopia",2
"Unknown","France",101
"Unknown","Georgia",2
"Unknown","Germany",2
"Unknown","Greece",1
"Unknown","Grenada",1
"Unknown","Guadeloupe",1
"Unknown","Guatemala",27
"Unknown","Haiti",1
"Unknown","India",598
"Unknown","Indonesia",12
"Unknown","Iran (Islamic Republic of)",5
"Unknown","Iraq",1286
"Unknown","Ireland",63
"Unknown","Israel",126
"Unknown","Italy",12
"Unknown","Jordan",1
"Unknown","Kenya",13
"Unknown","Kuwait",1
"Unknown","Kyrgyzstan",2
"Unknown","Lao People's Democratic Republic",1
"Unknown","Lebanon",61
"Unknown","Libyan Arab Jamahiriya",68
"Unknown","Malaysia",2
"Unknown","Mali",7
"Unknown","Mauritania",2
"Unknown","Mexico",3
"Unknown","Nepal",93
"Unknown","Netherlands",2
"Unknown","Nicaragua",9
"Unknown","Niger",2
"Unknown","Nigeria",104
"Unknown","Norway",1
"Unknown","Pakistan",829
"Unknown","Palestine",72
"Unknown","Panama",2
"Unknown","Peru",26
"Unknown","Philippines",187
"Unknown","Poland",1
"Unknown","Portugal",5
"Unknown","Romania",1
"Unknown","Russia",77
"Unknown","Rwanda",1
"Unknown","Saudi Arabia",9
"Unknown","Senegal",1
"Unknown","Serbia",1
"Unknown","Sierra Leone",2
"Unknown","Somalia",73
"Unknown","South Africa",7
"Unknown","Spain",25
"Unknown","Sri Lanka",35
"Unknown","Sudan",2
"Unknown","Sweden",1
"Unknown","Switzerland",2
"Unknown","Syrian Arab Republic",30
"Unknown","Tajikistan",6
"Unknown","Thailand",71
"Unknown","The former Yugoslav Republic of Macedonia",8
"Unknown","Tunisia",1
"Unknown","Turkey",101
"Unknown","Uganda",2
"Unknown","Ukraine",24
"Unknown","United Kingdom",158
"Unknown","United Republic of Tanzania",3
"Unknown","United States",11
"Unknown","Venezuela",6
"Unknown","Yemen",87
"Unknown","Zimbabwe",1
